tenure_months,monthly_charges,total_charges,contract_type,internet_service,tech_support,num_support_calls,payment_method,churn
51,60.01,3020.14,Month-to-month,Fiber optic,Yes,4,Bank transfer,0
14,53.58,741.21,Month-to-month,No,Yes,3,Mailed check,1
71,112.81,7489.04,Month-to-month,DSL,No,1,Electronic check,1
60,102.72,5598.19,One year,DSL,No,1,Mailed check,0
20,116.43,2264.46,Two year,Fiber optic,Yes,3,Mailed check,1
23,30.68,657.06,Month-to-month,Fiber optic,Yes,1,Mailed check,1
2,92.55,181.08,Two year,Fiber optic,Yes,1,Mailed check,1
21,113.71,2254.82,Month-to-month,No,Yes,1,Mailed check,1
52,36.49,1799.81,Two year,Fiber optic,Yes,1,Mailed check,0
1,24.78,24.23,Month-to-month,Fiber optic,Yes,0,Mailed check,0
29,93.59,2546.48,Month-to-month,DSL,No,3,Bank transfer,1
37,76.6,2676.37,Month-to-month,No,No,1,Credit card,0
1,103.87,97.39,Month-to-month,No,No,0,Bank transfer,1
63,32.26,1903.8,Month-to-month,No,No,2,Mailed check,0
59,99.12,5570.85,Month-to-month,DSL,Yes,1,Mailed check,1
20,38.57,756.65,Two year,Fiber optic,No,2,Bank transfer,0
32,34.69,1039.23,Month-to-month,DSL,No,1,Bank transfer,0
57,34.76,1887.06,Month-to-month,DSL,No,2,Credit card,0
21,101.09,2052.99,One year,DSL,No,0,Bank transfer,0
48,85.85,3819.75,One year,Fiber optic,No,2,Credit card,0
58,71.35,3839.32,Month-to-month,Fiber optic,No,1,Mailed check,0
41,54.6,2223.69,Month-to-month,DSL,Yes,2,Electronic check,1
59,107.47,6165.43,Month-to-month,Fiber optic,No,3,Electronic check,0
14,58.03,778.07,Month-to-month,Fiber optic,No,1,Electronic check,1
61,101.29,5961.03,One year,Fiber optic,No,2,Electronic check,0
61,62.79,3458.39,Month-to-month,DSL,No,1,Mailed check,0
46,56.45,2497.53,Month-to-month,Fiber optic,Yes,3,Electronic check,1
61,65.19,3781.54,One year,Fiber optic,Yes,1,Bank transfer,0
50,48.74,2326.3,Month-to-month,DSL,No,1,Bank transfer,0
54,94.26,4763.98,One year,DSL,No,1,Electronic check,1
63,69.28,3963.74,Month-to-month,Fiber optic,No,1,Bank transfer,0
2,41.69,76.65,Two year,No,Yes,0,Credit card,0
50,109.76,5460.97,Month-to-month,Fiber optic,Yes,1,Mailed check,0
6,57.16,322.68,Two year,Fiber optic,No,1,Electronic check,0
20,73.44,1390.47,One year,Fiber optic,No,1,Electronic check,0
38,110.46,3799.86,Month-to-month,Fiber optic,No,1,Mailed check,0
17,81.67,1254.77,One year,DSL,No,3,Bank transfer,0
3,29.92,87.22,Two year,Fiber optic,No,0,Mailed check,0
59,113.86,6407.44,One year,No,Yes,1,Mailed check,0
13,82.03,1014.0,Two year,Fiber optic,No,2,Bank transfer,1
8,52.16,385.7,Two year,No,No,0,Mailed check,0
52,32.21,1632.17,Month-to-month,Fiber optic,No,2,Bank transfer,0
1,98.99,90.76,Month-to-month,DSL,No,1,Bank transfer,0
59,81.25,4405.42,One year,No,No,3,Mailed check,0
70,72.41,4795.35,Month-to-month,DSL,Yes,1,Credit card,0
43,109.18,4359.67,Two year,Fiber optic,No,4,Bank transfer,0
7,98.44,637.22,Two year,DSL,Yes,0,Mailed check,1
46,33.47,1485.0,Month-to-month,DSL,No,2,Bank transfer,0
34,49.8,1634.1,Month-to-month,Fiber optic,Yes,1,Credit card,0
35,43.35,1490.62,One year,DSL,Yes,1,Credit card,0
49,93.88,4332.26,Month-to-month,Fiber optic,No,6,Electronic check,0
3,21.42,58.3,Two year,Fiber optic,Yes,2,Bank transfer,0
1,76.13,70.6,Month-to-month,DSL,No,1,Bank transfer,0
5,95.77,477.89,One year,DSL,No,2,Mailed check,1
53,107.43,5463.91,Month-to-month,Fiber optic,Yes,5,Bank transfer,1
3,52.89,154.06,One year,DSL,No,1,Electronic check,0
53,101.77,4858.4,Month-to-month,Fiber optic,No,3,Credit card,0
62,29.28,1727.9,One year,Fiber optic,No,1,Credit card,0
17,104.34,1603.06,Month-to-month,No,Yes,1,Electronic check,0
43,31.0,1275.58,One year,Fiber optic,Yes,0,Bank transfer,0
33,58.52,1915.86,Two year,Fiber optic,Yes,3,Bank transfer,0
61,99.32,6039.39,Month-to-month,Fiber optic,Yes,3,Electronic check,1
13,33.29,412.89,Month-to-month,DSL,Yes,2,Mailed check,0
47,41.38,1839.49,Month-to-month,DSL,No,1,Credit card,0
14,91.67,1276.32,One year,Fiber optic,No,1,Electronic check,1
71,91.44,6280.34,One year,Fiber optic,No,2,Electronic check,0
61,83.4,4611.68,Month-to-month,Fiber optic,No,0,Bank transfer,0
39,88.78,3277.43,Month-to-month,No,Yes,0,Credit card,0
52,73.36,3524.89,Month-to-month,No,Yes,2,Bank transfer,0
23,43.68,951.37,One year,No,Yes,2,Electronic check,0
25,53.26,1259.0,Month-to-month,Fiber optic,Yes,2,Mailed check,1
59,36.52,2064.65,Two year,DSL,No,0,Credit card,0
40,110.66,4141.68,Month-to-month,Fiber optic,No,0,Electronic check,0
28,77.51,1988.9,One year,Fiber optic,Yes,1,Electronic check,0
14,58.89,783.54,Month-to-month,Fiber optic,Yes,2,Mailed check,1
44,65.12,2816.63,Month-to-month,Fiber optic,No,0,Electronic check,0
64,114.62,7089.21,One year,Fiber optic,No,1,Electronic check,0
70,33.64,2199.0,One year,Fiber optic,Yes,1,Credit card,0
8,77.8,618.39,Two year,DSL,No,3,Credit card,0
0,69.6,68.99,Month-to-month,Fiber optic,No,0,Credit card,0
7,80.37,518.11,Month-to-month,DSL,Yes,0,Bank transfer,0
62,19.85,1112.48,One year,No,Yes,1,Mailed check,0
10,106.96,1041.93,One year,DSL,No,2,Credit card,0
7,113.08,777.91,Month-to-month,DSL,No,1,Bank transfer,1
34,75.64,2563.5,Month-to-month,DSL,No,4,Bank transfer,1
34,89.06,2994.68,Month-to-month,Fiber optic,Yes,2,Mailed check,0
32,112.09,3443.6,Two year,Fiber optic,Yes,0,Mailed check,0
4,90.14,343.62,Month-to-month,DSL,No,1,Electronic check,1
40,33.56,1211.9,Month-to-month,DSL,No,3,Bank transfer,0
27,76.78,1916.89,Month-to-month,Fiber optic,Yes,2,Credit card,1
6,79.88,453.38,Month-to-month,DSL,No,1,Mailed check,1
71,61.26,4187.88,Month-to-month,Fiber optic,No,0,Bank transfer,0
11,93.12,978.97,Month-to-month,Fiber optic,No,0,Credit card,1
33,113.31,3643.0,Month-to-month,Fiber optic,No,3,Bank transfer,1
32,112.41,3338.04,Two year,DSL,No,3,Mailed check,0
47,63.99,2876.69,Month-to-month,No,No,0,Electronic check,0
22,29.55,590.82,Month-to-month,Fiber optic,No,2,Bank transfer,0
61,118.45,6801.8,Two year,Fiber optic,Yes,0,Credit card,0
36,103.57,3635.37,One year,DSL,No,4,Mailed check,0
43,30.72,1280.46,Month-to-month,Fiber optic,Yes,0,Electronic check,0
34,111.93,3802.06,Month-to-month,DSL,No,1,Credit card,0
64,106.73,6337.47,Month-to-month,Fiber optic,Yes,2,Credit card,0
46,70.92,3098.61,One year,No,Yes,0,Credit card,0
2,78.31,146.12,Two year,Fiber optic,Yes,1,Bank transfer,1
0,58.7,55.42,One year,DSL,Yes,0,Mailed check,1
4,23.59,93.01,One year,DSL,No,3,Credit card,1
13,52.19,657.04,One year,Fiber optic,No,3,Bank transfer,0
26,99.89,2566.61,Month-to-month,DSL,No,1,Mailed check,1
8,18.47,135.99,Month-to-month,DSL,Yes,2,Mailed check,0
14,52.02,719.06,One year,Fiber optic,Yes,0,Bank transfer,0
41,58.61,2177.07,Two year,Fiber optic,Yes,1,Bank transfer,1
50,72.81,3599.94,Month-to-month,DSL,Yes,3,Credit card,0
62,111.83,6468.28,One year,No,No,3,Mailed check,0
51,53.33,2533.41,Month-to-month,DSL,Yes,0,Electronic check,0
3,53.39,152.36,Month-to-month,No,Yes,0,Bank transfer,0
22,93.23,2038.9,Month-to-month,DSL,Yes,1,Mailed check,1
14,64.13,812.33,Month-to-month,No,Yes,2,Mailed check,0
42,40.91,1606.92,One year,Fiber optic,No,0,Credit card,0
28,64.15,1770.44,Month-to-month,No,No,1,Electronic check,0
35,32.37,1064.53,One year,No,Yes,2,Credit card,0
12,35.99,397.29,One year,DSL,Yes,0,Electronic check,0
31,68.83,2011.0,Two year,No,Yes,0,Electronic check,0
70,60.73,3989.89,Month-to-month,Fiber optic,Yes,0,Bank transfer,0
58,111.31,6401.37,Month-to-month,Fiber optic,Yes,2,Mailed check,1
27,54.96,1448.59,Month-to-month,DSL,No,2,Mailed check,1
65,77.22,4770.9,Two year,Fiber optic,No,2,Mailed check,0
41,82.49,3378.16,Two year,DSL,No,1,Electronic check,1
44,19.34,805.46,Month-to-month,Fiber optic,No,4,Mailed check,0
61,85.68,4734.27,Two year,Fiber optic,No,2,Bank transfer,0
56,36.16,1875.57,Month-to-month,Fiber optic,No,2,Electronic check,0
5,116.03,547.43,One year,No,No,1,Electronic check,0
27,33.16,819.84,Month-to-month,Fiber optic,No,1,Electronic check,1
27,60.29,1619.29,One year,DSL,Yes,2,Electronic check,1
43,26.71,1121.75,Month-to-month,DSL,No,2,Bank transfer,0
29,119.68,3216.76,Two year,DSL,No,1,Mailed check,1
61,69.22,4049.64,One year,DSL,No,2,Bank transfer,0
61,78.73,4668.76,One year,DSL,No,2,Mailed check,0
0,24.84,24.69,Month-to-month,DSL,No,0,Bank transfer,0
26,94.5,2427.92,Month-to-month,No,Yes,1,Credit card,0
61,39.41,2287.46,Month-to-month,Fiber optic,No,0,Credit card,0
2,109.6,214.26,Month-to-month,DSL,Yes,3,Credit card,1
69,38.92,2567.89,Month-to-month,Fiber optic,Yes,1,Credit card,0
71,37.45,2540.02,Two year,DSL,Yes,2,Electronic check,0
26,21.73,514.96,One year,Fiber optic,No,2,Electronic check,1
8,66.15,482.96,Month-to-month,Fiber optic,Yes,0,Bank transfer,1
61,75.61,4395.22,Month-to-month,Fiber optic,Yes,4,Bank transfer,0
36,24.7,824.19,Month-to-month,Fiber optic,No,2,Credit card,1
50,97.1,4379.71,One year,No,Yes,1,Mailed check,0
43,64.24,2685.76,Month-to-month,No,No,0,Credit card,0
23,71.49,1485.18,Two year,Fiber optic,No,1,Bank transfer,0
58,62.96,3503.89,Month-to-month,Fiber optic,Yes,1,Credit card,0
31,58.88,1741.17,Two year,Fiber optic,No,0,Bank transfer,0
51,75.08,3817.14,Two year,DSL,Yes,3,Credit card,0
61,33.83,1957.19,Month-to-month,Fiber optic,No,2,Mailed check,0
57,36.56,1888.78,Two year,DSL,No,0,Credit card,0
51,105.9,5158.77,Month-to-month,Fiber optic,No,2,Mailed check,0
11,114.5,1239.49,Two year,Fiber optic,No,1,Mailed check,0
38,56.08,2130.37,Month-to-month,DSL,Yes,0,Bank transfer,1
1,45.62,43.02,Two year,No,Yes,2,Mailed check,0
2,83.69,156.0,Two year,No,No,4,Electronic check,0
55,59.69,3252.3,Two year,Fiber optic,No,3,Electronic check,0
58,20.59,1097.64,One year,Fiber optic,No,2,Electronic check,0
1,33.93,32.63,Month-to-month,No,No,2,Bank transfer,0
1,91.03,85.62,Month-to-month,DSL,No,1,Electronic check,1
53,85.21,4083.07,Month-to-month,Fiber optic,No,1,Bank transfer,1
0,20.76,19.4,Month-to-month,DSL,Yes,3,Bank transfer,0
18,40.64,677.77,One year,Fiber optic,No,2,Electronic check,0
1,41.57,40.27,Month-to-month,DSL,No,1,Mailed check,0
52,86.53,4476.52,Two year,No,Yes,2,Credit card,0
43,20.01,797.45,One year,No,No,2,Bank transfer,0
31,28.62,870.49,Two year,DSL,No,0,Electronic check,0
69,99.59,6222.58,Month-to-month,Fiber optic,No,2,Bank transfer,0
31,36.21,1070.66,Two year,No,Yes,0,Mailed check,0
67,84.58,5140.15,Two year,Fiber optic,Yes,1,Mailed check,0
54,42.29,2268.6,Month-to-month,No,No,3,Electronic check,0
55,28.14,1511.54,One year,Fiber optic,No,4,Bank transfer,0
16,42.8,661.38,One year,Fiber optic,Yes,3,Credit card,0
37,91.67,3332.06,Month-to-month,DSL,Yes,1,Credit card,1
23,105.28,2336.09,Month-to-month,DSL,No,2,Bank transfer,1
68,102.68,6960.56,Month-to-month,Fiber optic,Yes,0,Bank transfer,0
69,58.51,3921.71,Month-to-month,Fiber optic,No,3,Bank transfer,0
10,86.14,854.91,Month-to-month,Fiber optic,No,1,Electronic check,0
15,38.91,555.47,Month-to-month,Fiber optic,Yes,1,Mailed check,0
58,47.9,2532.9,Month-to-month,Fiber optic,No,0,Credit card,0
69,109.43,7194.41,Month-to-month,No,Yes,0,Electronic check,0
2,19.33,35.28,Two year,No,Yes,1,Bank transfer,0
19,26.72,486.99,Month-to-month,Fiber optic,No,1,Bank transfer,0
58,39.2,2155.94,Two year,No,No,1,Mailed check,0
35,20.71,697.49,Month-to-month,Fiber optic,No,1,Bank transfer,0
18,36.51,592.12,Month-to-month,Fiber optic,No,1,Electronic check,1
66,77.47,4701.34,Month-to-month,No,Yes,0,Electronic check,0
18,60.99,1041.98,Month-to-month,DSL,Yes,3,Mailed check,0
19,109.05,2061.69,Month-to-month,DSL,Yes,1,Electronic check,1
70,101.38,6659.17,One year,No,Yes,0,Credit card,0
51,52.87,2541.16,Month-to-month,Fiber optic,Yes,0,Electronic check,1
32,44.46,1382.13,One year,No,Yes,0,Electronic check,0
39,56.73,2124.81,One year,No,No,2,Electronic check,0
38,78.21,2763.62,Month-to-month,DSL,No,3,Credit card,0
0,45.34,42.67,Month-to-month,No,No,0,Bank transfer,0
10,81.66,752.72,One year,Fiber optic,No,0,Electronic check,1
56,59.76,3335.19,Month-to-month,Fiber optic,Yes,0,Mailed check,0
49,74.31,3324.64,Month-to-month,Fiber optic,Yes,1,Credit card,1
22,62.48,1288.22,Two year,No,No,4,Mailed check,0
30,48.04,1300.8,Month-to-month,DSL,No,1,Electronic check,0
41,114.74,4338.24,One year,Fiber optic,Yes,0,Mailed check,0
6,95.89,562.71,Two year,Fiber optic,No,0,Electronic check,0
15,32.29,445.66,Month-to-month,Fiber optic,No,2,Credit card,0
59,106.58,5709.74,Month-to-month,Fiber optic,No,1,Mailed check,0
1,67.72,64.16,Month-to-month,DSL,Yes,0,Mailed check,0
0,109.24,98.42,Month-to-month,DSL,No,1,Electronic check,0
47,99.59,4252.33,Month-to-month,Fiber optic,No,0,Electronic check,0
11,61.37,662.08,One year,No,No,3,Bank transfer,1
68,20.29,1348.19,Month-to-month,DSL,No,1,Electronic check,0
36,45.41,1620.89,Month-to-month,DSL,No,0,Electronic check,0
31,73.25,2237.71,Two year,No,No,0,Bank transfer,0
8,82.61,639.94,Two year,DSL,Yes,3,Electronic check,0
18,44.3,721.83,One year,No,No,1,Electronic check,1
47,32.21,1481.0,Month-to-month,Fiber optic,No,1,Bank transfer,0
2,103.16,203.13,One year,No,No,2,Credit card,1
19,118.41,2204.59,Month-to-month,DSL,Yes,2,Credit card,1
23,71.62,1566.29,Month-to-month,DSL,Yes,1,Electronic check,0
53,35.51,1737.66,Month-to-month,Fiber optic,No,1,Electronic check,1
32,45.78,1442.3,Two year,No,No,2,Bank transfer,0
23,19.88,444.76,Month-to-month,Fiber optic,No,2,Bank transfer,0
71,111.26,7884.26,Month-to-month,DSL,No,2,Credit card,0
35,30.01,961.67,Month-to-month,Fiber optic,No,1,Mailed check,1
37,76.8,2621.56,Month-to-month,Fiber optic,No,2,Electronic check,1
24,45.95,1015.88,Two year,Fiber optic,No,2,Mailed check,0
17,74.53,1240.72,One year,Fiber optic,No,2,Mailed check,0
65,84.44,5042.33,One year,No,No,0,Bank transfer,0
53,102.63,4931.71,Month-to-month,Fiber optic,Yes,4,Electronic check,1
34,39.05,1327.51,Month-to-month,DSL,No,2,Electronic check,0
60,19.12,1035.33,Month-to-month,Fiber optic,No,1,Bank transfer,0
40,31.96,1257.34,Month-to-month,DSL,Yes,2,Mailed check,0
32,109.8,3290.62,Month-to-month,Fiber optic,Yes,2,Bank transfer,1
67,107.14,7064.69,One year,Fiber optic,Yes,0,Credit card,0
32,78.94,2413.57,Month-to-month,DSL,Yes,1,Electronic check,0
13,79.25,1020.12,Month-to-month,DSL,Yes,2,Credit card,0
20,85.83,1703.93,Month-to-month,DSL,No,1,Bank transfer,0
47,35.89,1519.68,Month-to-month,No,No,3,Electronic check,0
19,111.27,1918.66,Month-to-month,No,No,1,Credit card,1
7,60.71,393.11,Two year,DSL,Yes,1,Credit card,0
6,57.08,331.15,Two year,No,Yes,2,Mailed check,0
66,70.93,4629.08,Two year,Fiber optic,No,0,Electronic check,0
16,22.79,344.95,Month-to-month,DSL,Yes,1,Credit card,0
32,34.96,1074.75,Month-to-month,DSL,No,1,Credit card,0
47,93.28,4028.39,Month-to-month,Fiber optic,No,2,Mailed check,1
58,26.45,1504.18,Month-to-month,Fiber optic,No,1,Credit card,0
21,79.52,1664.46,Two year,Fiber optic,Yes,2,Credit card,0
29,43.03,1156.6,Month-to-month,DSL,No,2,Credit card,0
37,57.71,2027.4,Month-to-month,DSL,Yes,0,Mailed check,0
50,47.45,2155.68,Month-to-month,Fiber optic,No,4,Credit card,0
53,54.28,2750.01,Month-to-month,DSL,No,3,Credit card,0
7,91.34,607.59,One year,DSL,Yes,0,Electronic check,0
26,48.31,1148.6,Month-to-month,DSL,Yes,1,Electronic check,0
26,75.77,1860.11,Month-to-month,No,Yes,1,Mailed check,1
20,66.56,1242.56,Month-to-month,No,No,2,Bank transfer,0
29,85.69,2366.18,Month-to-month,Fiber optic,Yes,1,Electronic check,1
27,113.56,2939.08,One year,No,No,0,Mailed check,0
63,92.72,5262.19,Two year,DSL,Yes,0,Credit card,0
68,39.92,2649.68,Two year,Fiber optic,No,1,Credit card,0
60,21.18,1234.33,One year,DSL,No,1,Mailed check,0
47,44.75,1969.96,Month-to-month,Fiber optic,No,1,Credit card,1
18,78.7,1282.44,One year,No,No,4,Credit card,1
3,23.25,68.04,Month-to-month,Fiber optic,Yes,0,Bank transfer,0
34,68.63,2322.96,Month-to-month,Fiber optic,Yes,3,Credit card,1
63,78.88,4591.84,Two year,Fiber optic,No,4,Electronic check,0
48,52.09,2331.18,Month-to-month,DSL,Yes,1,Credit card,0
16,96.63,1419.89,Two year,No,No,1,Mailed check,0
43,28.87,1188.89,Month-to-month,Fiber optic,Yes,1,Bank transfer,0
29,25.66,681.25,One year,Fiber optic,Yes,0,Credit card,0
45,92.28,3885.25,One year,Fiber optic,Yes,3,Mailed check,0
5,68.54,332.32,Two year,Fiber optic,No,2,Electronic check,1
36,88.22,3036.22,One year,DSL,Yes,1,Credit card,0
23,62.35,1346.07,One year,Fiber optic,No,3,Bank transfer,0
45,43.13,1828.33,Month-to-month,DSL,Yes,4,Credit card,1
52,101.55,5049.37,Month-to-month,Fiber optic,No,0,Mailed check,1
59,99.54,5289.02,Month-to-month,No,Yes,3,Bank transfer,0
62,88.86,5001.64,One year,No,No,1,Credit card,0
31,45.76,1401.72,Month-to-month,Fiber optic,No,2,Electronic check,1
32,78.2,2271.65,One year,Fiber optic,Yes,1,Bank transfer,0
66,54.82,3512.04,Month-to-month,DSL,No,1,Electronic check,0
17,27.34,461.06,Month-to-month,Fiber optic,No,3,Mailed check,0
24,111.57,2482.39,One year,DSL,No,2,Credit card,0
53,31.96,1587.25,Month-to-month,Fiber optic,No,2,Electronic check,0
57,114.92,6268.06,Month-to-month,DSL,Yes,0,Mailed check,0
66,63.49,4140.77,Month-to-month,DSL,No,1,Credit card,0
45,36.88,1649.96,Two year,Fiber optic,Yes,1,Mailed check,0
23,73.27,1641.32,One year,DSL,Yes,2,Electronic check,1
31,107.04,3015.16,Month-to-month,Fiber optic,No,3,Mailed check,1
46,92.69,4122.68,Month-to-month,DSL,Yes,3,Bank transfer,0
22,100.27,2075.86,Month-to-month,DSL,No,2,Credit card,1
65,85.2,5244.87,One year,Fiber optic,No,0,Mailed check,0
26,88.61,2084.8,One year,DSL,No,2,Electronic check,1
1,104.62,96.16,Month-to-month,DSL,No,0,Credit card,1
16,43.47,680.95,Month-to-month,Fiber optic,Yes,2,Bank transfer,0
32,67.92,2054.76,Month-to-month,DSL,Yes,3,Credit card,0
8,40.56,301.82,One year,No,No,1,Bank transfer,0
42,118.74,4679.89,One year,DSL,Yes,3,Credit card,1
47,114.29,5293.42,Month-to-month,DSL,Yes,1,Mailed check,0
38,22.02,815.76,Month-to-month,Fiber optic,Yes,0,Mailed check,0
41,89.97,3420.34,Month-to-month,DSL,No,3,Electronic check,1
25,112.38,2561.56,Two year,DSL,No,0,Bank transfer,0
49,36.42,1651.09,Month-to-month,Fiber optic,Yes,2,Electronic check,1
24,75.93,1807.88,One year,DSL,No,2,Mailed check,0
23,111.38,2454.55,One year,No,Yes,4,Bank transfer,1
12,21.46,245.51,Month-to-month,DSL,Yes,3,Electronic check,0
59,89.14,5046.99,Month-to-month,Fiber optic,No,2,Electronic check,1
6,48.33,271.6,Month-to-month,No,No,2,Electronic check,1
56,112.29,6166.94,One year,Fiber optic,No,3,Electronic check,0
35,117.05,3901.45,One year,No,Yes,2,Electronic check,0
44,114.32,4585.8,One year,Fiber optic,No,2,Bank transfer,0
19,66.37,1151.2,Month-to-month,No,No,0,Electronic check,1
64,105.93,6465.53,Month-to-month,DSL,No,2,Bank transfer,1
7,104.14,724.36,Two year,Fiber optic,No,1,Electronic check,1
15,50.55,705.81,One year,Fiber optic,No,2,Mailed check,0
13,102.55,1315.76,Month-to-month,Fiber optic,No,2,Mailed check,1
14,21.77,297.59,Two year,Fiber optic,No,2,Electronic check,0
65,78.82,4737.93,One year,Fiber optic,No,2,Credit card,0
31,41.46,1161.4,One year,DSL,No,2,Mailed check,0
62,30.3,1709.87,One year,DSL,No,2,Bank transfer,0
50,25.85,1257.41,Two year,Fiber optic,No,1,Electronic check,0
24,89.02,1965.49,One year,Fiber optic,Yes,2,Bank transfer,0
57,52.67,2813.43,Month-to-month,No,Yes,4,Credit card,0
62,91.93,5415.65,Month-to-month,Fiber optic,No,0,Electronic check,0
61,24.67,1463.56,Two year,No,No,0,Mailed check,0
21,50.16,959.95,Month-to-month,Fiber optic,No,1,Bank transfer,0
57,73.03,3915.6,Month-to-month,DSL,Yes,0,Mailed check,0
57,98.65,5333.5,Month-to-month,DSL,No,3,Mailed check,0
48,50.51,2313.15,Month-to-month,Fiber optic,Yes,0,Electronic check,0
51,81.84,4098.03,One year,Fiber optic,No,0,Bank transfer,0
41,108.37,4075.13,Two year,DSL,No,3,Credit card,0
69,80.82,5469.42,Month-to-month,Fiber optic,No,1,Mailed check,0
14,41.76,566.68,Month-to-month,No,No,2,Electronic check,0
53,20.49,1037.74,Month-to-month,Fiber optic,No,0,Electronic check,0
59,106.75,6109.01,Two year,Fiber optic,No,0,Credit card,0
7,20.17,132.89,One year,Fiber optic,Yes,2,Electronic check,0
52,107.22,5095.06,Month-to-month,DSL,No,0,Mailed check,0
59,71.95,4103.17,Two year,Fiber optic,No,0,Electronic check,0
4,113.78,433.49,Two year,Fiber optic,No,2,Bank transfer,1
67,99.48,6424.8,Two year,DSL,Yes,2,Bank transfer,0
5,119.79,559.3,Two year,Fiber optic,No,2,Mailed check,0
46,53.77,2450.38,Month-to-month,Fiber optic,Yes,3,Bank transfer,0
54,96.25,4983.04,One year,No,No,2,Credit card,0
39,59.0,2090.55,Month-to-month,No,No,3,Electronic check,0
51,66.95,3226.59,Two year,DSL,No,2,Mailed check,0
15,82.01,1200.18,One year,Fiber optic,No,1,Credit card,1
12,107.12,1258.98,One year,Fiber optic,Yes,3,Electronic check,1
29,118.38,3259.51,One year,No,Yes,1,Credit card,0
18,96.36,1716.22,Month-to-month,DSL,No,1,Mailed check,0
16,60.61,898.74,Month-to-month,Fiber optic,No,0,Mailed check,0
62,60.98,3557.92,Two year,Fiber optic,Yes,1,Credit card,0
18,93.23,1661.12,Two year,DSL,No,1,Electronic check,0
57,42.36,2389.47,Month-to-month,DSL,No,3,Bank transfer,0
54,29.27,1530.9,Month-to-month,Fiber optic,No,0,Bank transfer,0
61,54.17,3257.77,Month-to-month,Fiber optic,No,1,Credit card,0
22,47.3,945.78,One year,DSL,Yes,1,Mailed check,0
8,48.22,380.55,Two year,Fiber optic,Yes,1,Electronic check,0
11,41.83,428.87,Month-to-month,Fiber optic,No,1,Electronic check,1
0,22.29,20.46,Month-to-month,Fiber optic,No,1,Mailed check,1
57,19.82,1043.81,Two year,DSL,No,0,Bank transfer,0
0,118.75,111.84,One year,No,No,1,Electronic check,0
33,61.63,1881.5,Month-to-month,DSL,No,2,Credit card,0
47,57.2,2505.74,One year,Fiber optic,No,2,Bank transfer,0
0,87.32,79.77,Month-to-month,DSL,No,0,Credit card,1
15,40.26,561.4,Month-to-month,DSL,No,1,Bank transfer,0
60,114.9,6599.13,One year,Fiber optic,No,6,Mailed check,1
63,98.21,5841.89,One year,DSL,Yes,1,Credit card,0
62,27.12,1571.59,Two year,No,No,1,Credit card,0
68,60.59,4015.66,One year,DSL,Yes,1,Mailed check,0
21,107.67,2236.99,One year,Fiber optic,No,1,Credit card,1
66,114.36,7364.19,Month-to-month,DSL,No,1,Bank transfer,0
25,65.67,1532.08,Month-to-month,DSL,No,3,Electronic check,0
15,80.57,1177.66,Month-to-month,DSL,Yes,1,Electronic check,0
50,35.04,1603.43,Month-to-month,Fiber optic,Yes,1,Mailed check,0
56,119.1,6089.56,One year,Fiber optic,Yes,0,Bank transfer,0
28,41.63,1089.36,Two year,Fiber optic,No,3,Credit card,1
68,114.16,7613.6,Month-to-month,Fiber optic,Yes,0,Credit card,0
46,84.26,3583.85,Month-to-month,Fiber optic,No,0,Electronic check,1
61,79.99,4422.31,Two year,DSL,No,2,Credit card,0
68,70.29,4364.7,Month-to-month,Fiber optic,No,1,Electronic check,0
15,41.53,614.15,One year,No,No,3,Mailed check,0
47,36.01,1630.49,One year,Fiber optic,Yes,1,Credit card,0
38,40.49,1423.72,One year,Fiber optic,No,0,Bank transfer,0
32,37.02,1131.96,Month-to-month,DSL,No,5,Credit card,1
22,97.52,2044.09,Month-to-month,Fiber optic,Yes,1,Electronic check,1
9,53.71,466.73,One year,Fiber optic,No,2,Mailed check,0
68,23.9,1500.58,One year,Fiber optic,Yes,2,Electronic check,0
33,116.85,3803.76,Month-to-month,No,No,0,Credit card,1
51,108.15,5134.72,One year,DSL,No,0,Electronic check,0
9,112.63,982.67,Month-to-month,DSL,Yes,1,Electronic check,1
18,119.48,1939.04,One year,Fiber optic,No,3,Mailed check,1
57,35.74,1909.38,Month-to-month,No,No,1,Bank transfer,0
0,58.42,54.63,Two year,DSL,No,2,Credit card,1
68,95.34,6187.16,Month-to-month,DSL,No,0,Mailed check,0
3,88.99,242.21,Month-to-month,DSL,No,2,Bank transfer,0
15,33.7,494.89,Month-to-month,DSL,Yes,0,Electronic check,0
23,101.21,2145.74,Month-to-month,Fiber optic,Yes,1,Bank transfer,1
1,40.89,39.57,Two year,Fiber optic,Yes,0,Electronic check,0
31,40.83,1240.82,Two year,DSL,No,1,Electronic check,0
23,72.77,1600.38,Month-to-month,Fiber optic,No,1,Mailed check,0
11,78.48,840.91,Month-to-month,DSL,No,0,Electronic check,1
49,77.17,3653.47,One year,DSL,No,1,Mailed check,0
34,27.33,869.33,Two year,Fiber optic,Yes,1,Bank transfer,0
32,107.5,3374.25,One year,No,Yes,1,Bank transfer,0
32,45.09,1341.11,Month-to-month,No,Yes,2,Electronic check,0
60,31.21,1792.31,Month-to-month,DSL,Yes,1,Mailed check,0
50,108.65,5294.19,One year,No,Yes,3,Electronic check,1
42,115.48,4548.94,Month-to-month,Fiber optic,No,1,Mailed check,1
11,105.94,1084.09,One year,Fiber optic,Yes,0,Mailed check,0
66,100.57,6278.75,Month-to-month,Fiber optic,Yes,2,Mailed check,0
64,84.83,5330.29,One year,Fiber optic,Yes,3,Bank transfer,1
32,74.19,2357.44,Month-to-month,DSL,Yes,2,Mailed check,0
39,26.87,1000.26,One year,DSL,No,1,Bank transfer,0
42,59.66,2420.89,Month-to-month,DSL,No,1,Mailed check,0
43,56.01,2385.13,One year,DSL,No,2,Bank transfer,1
28,44.49,1133.42,Month-to-month,Fiber optic,No,2,Credit card,1
12,91.79,1016.89,One year,Fiber optic,Yes,2,Bank transfer,0
11,68.58,732.42,One year,Fiber optic,No,2,Bank transfer,0
45,26.27,1161.31,One year,DSL,Yes,2,Electronic check,0
1,40.46,39.88,One year,No,Yes,6,Mailed check,1
34,87.69,2807.08,One year,No,Yes,0,Credit card,0
7,25.77,163.96,Two year,Fiber optic,Yes,2,Electronic check,0
25,104.82,2473.17,Month-to-month,No,Yes,2,Mailed check,1
33,68.5,2086.61,Two year,Fiber optic,Yes,0,Credit card,0
6,67.02,373.62,Month-to-month,No,No,2,Credit card,1
67,78.43,5135.14,Month-to-month,DSL,Yes,1,Credit card,0
57,102.12,5282.72,Month-to-month,Fiber optic,Yes,1,Mailed check,0
28,53.48,1471.62,Month-to-month,DSL,No,4,Credit card,1
35,87.16,2876.0,One year,DSL,Yes,3,Credit card,0
20,75.7,1452.84,One year,DSL,Yes,1,Electronic check,0
35,45.24,1439.26,One year,Fiber optic,No,0,Bank transfer,0
9,107.62,904.4,Month-to-month,Fiber optic,Yes,0,Mailed check,1
23,99.34,2076.83,Month-to-month,Fiber optic,Yes,0,Bank transfer,0
63,85.16,5344.45,Month-to-month,DSL,No,2,Electronic check,0
48,104.76,4931.56,Month-to-month,No,Yes,2,Bank transfer,0
35,106.46,3524.75,Month-to-month,Fiber optic,No,5,Credit card,1
23,90.25,1914.59,Month-to-month,Fiber optic,No,1,Credit card,1
22,103.38,2259.23,Month-to-month,Fiber optic,Yes,0,Mailed check,1
61,89.14,5081.16,One year,DSL,No,1,Mailed check,0
36,87.37,2881.42,One year,DSL,No,2,Mailed check,1
11,81.1,853.13,Two year,No,Yes,1,Electronic check,1
54,94.78,5089.34,Two year,DSL,No,3,Mailed check,0
12,34.18,369.3,One year,Fiber optic,Yes,2,Electronic check,0
22,107.85,2191.93,Month-to-month,No,No,1,Credit card,1
29,106.93,3081.88,One year,Fiber optic,Yes,3,Bank transfer,0
16,20.98,307.86,One year,DSL,No,0,Credit card,0
61,102.23,5683.05,Month-to-month,DSL,Yes,0,Credit card,0
12,31.14,357.62,Month-to-month,DSL,No,1,Credit card,0
58,52.18,2984.63,Two year,Fiber optic,Yes,4,Mailed check,1
18,93.84,1600.8,Month-to-month,Fiber optic,No,2,Mailed check,1
48,34.4,1650.3,One year,DSL,No,0,Mailed check,0
11,101.43,1079.93,One year,No,No,1,Bank transfer,0
60,102.88,5601.24,Month-to-month,Fiber optic,No,1,Mailed check,0
18,69.76,1254.78,Month-to-month,DSL,No,2,Electronic check,0
8,18.65,140.37,Month-to-month,Fiber optic,No,3,Credit card,0
70,47.28,3073.76,Month-to-month,Fiber optic,No,3,Bank transfer,1
27,80.93,2088.5,Month-to-month,DSL,Yes,3,Bank transfer,0
51,118.08,5603.13,Two year,DSL,No,1,Bank transfer,0
15,82.44,1123.63,Month-to-month,No,No,1,Bank transfer,1
68,44.5,2723.83,Month-to-month,Fiber optic,No,1,Bank transfer,0
11,82.67,859.32,Month-to-month,Fiber optic,No,0,Electronic check,1
24,73.08,1725.31,Two year,Fiber optic,Yes,2,Credit card,0
51,97.54,4761.79,Month-to-month,DSL,Yes,1,Bank transfer,0
52,28.91,1503.2,Month-to-month,DSL,No,3,Credit card,0
22,95.62,1953.62,Two year,Fiber optic,No,2,Mailed check,1
15,73.21,1019.13,Two year,DSL,No,1,Bank transfer,0
56,116.23,5961.97,Month-to-month,DSL,No,1,Bank transfer,0
38,52.87,1841.12,Two year,No,No,2,Credit card,0
52,82.53,3984.79,Month-to-month,No,Yes,0,Bank transfer,0
41,113.07,4539.83,Month-to-month,Fiber optic,No,3,Bank transfer,1
57,28.46,1606.93,Month-to-month,No,No,1,Bank transfer,0
38,113.6,4306.05,Month-to-month,DSL,Yes,0,Electronic check,1
13,88.16,1058.09,One year,No,No,0,Electronic check,0
4,24.92,98.5,Month-to-month,DSL,No,1,Bank transfer,1
34,48.7,1544.57,Month-to-month,No,Yes,0,Electronic check,0
17,90.23,1397.83,One year,No,Yes,2,Mailed check,0
8,24.87,196.37,One year,Fiber optic,No,1,Bank transfer,0
57,77.38,4250.16,Month-to-month,No,Yes,0,Mailed check,0
16,53.28,781.27,One year,Fiber optic,No,0,Credit card,0
6,81.33,460.16,Month-to-month,DSL,No,1,Mailed check,1
45,22.67,947.44,One year,Fiber optic,No,0,Credit card,0
12,106.9,1249.04,One year,Fiber optic,No,2,Bank transfer,1
39,117.3,4324.65,Two year,DSL,Yes,1,Credit card,0
41,116.83,4784.9,Month-to-month,Fiber optic,No,2,Credit card,0
8,94.46,684.25,Month-to-month,No,Yes,1,Mailed check,0
49,31.27,1433.4,Month-to-month,DSL,No,0,Mailed check,0
26,95.34,2350.41,Month-to-month,Fiber optic,Yes,1,Mailed check,1
65,20.51,1266.91,Month-to-month,No,No,6,Bank transfer,0
4,20.26,75.5,Two year,No,Yes,2,Bank transfer,0
28,51.01,1389.61,Month-to-month,No,Yes,1,Mailed check,0
36,67.84,2411.65,Month-to-month,Fiber optic,Yes,2,Bank transfer,0
37,96.58,3551.56,One year,No,Yes,3,Bank transfer,0
7,87.7,601.93,Month-to-month,Fiber optic,No,1,Credit card,1
64,63.48,4002.01,One year,DSL,Yes,3,Credit card,0
16,45.91,701.54,Month-to-month,Fiber optic,No,0,Mailed check,0
70,119.71,8233.8,Month-to-month,Fiber optic,No,2,Bank transfer,0
44,61.47,2516.3,Month-to-month,DSL,No,0,Credit card,0
3,64.04,180.56,Month-to-month,Fiber optic,Yes,3,Electronic check,1
35,34.69,1131.21,Two year,Fiber optic,Yes,2,Bank transfer,0
69,99.07,6471.75,Month-to-month,DSL,No,4,Electronic check,0
30,88.76,2472.56,Month-to-month,Fiber optic,Yes,1,Mailed check,1
18,40.52,726.56,Month-to-month,Fiber optic,Yes,3,Bank transfer,0
60,26.4,1475.15,Month-to-month,Fiber optic,No,0,Mailed check,0
53,87.41,4214.88,Two year,DSL,No,2,Mailed check,1
38,84.76,3068.47,Month-to-month,DSL,No,1,Mailed check,0
18,45.87,747.81,One year,Fiber optic,Yes,1,Mailed check,0
38,114.99,3980.96,Two year,No,No,0,Mailed check,0
66,33.41,2032.93,One year,DSL,Yes,1,Bank transfer,0
44,62.1,2586.04,Two year,Fiber optic,Yes,0,Electronic check,0
12,114.25,1293.3,Month-to-month,DSL,No,0,Bank transfer,1
57,60.81,3396.74,Month-to-month,DSL,Yes,2,Bank transfer,0
19,83.13,1538.32,Month-to-month,No,Yes,0,Bank transfer,0
71,58.55,3918.57,One year,Fiber optic,Yes,0,Credit card,0
60,45.97,2574.42,Two year,DSL,No,3,Credit card,0
38,118.37,4190.6,Month-to-month,Fiber optic,No,2,Bank transfer,1
0,59.75,58.4,One year,DSL,No,1,Electronic check,0
2,109.2,197.7,Month-to-month,Fiber optic,No,4,Bank transfer,1
61,41.46,2279.4,One year,Fiber optic,Yes,2,Mailed check,0
62,39.74,2413.5,Month-to-month,DSL,No,3,Credit card,0
24,21.18,481.74,Two year,DSL,Yes,2,Credit card,0
55,84.47,4242.07,One year,Fiber optic,Yes,1,Bank transfer,0
32,55.59,1642.9,Month-to-month,No,No,2,Bank transfer,0
37,106.16,3901.41,Month-to-month,No,No,3,Electronic check,0
5,66.27,326.69,Month-to-month,DSL,Yes,2,Electronic check,0
57,116.76,6462.17,Month-to-month,Fiber optic,Yes,1,Mailed check,0
43,36.92,1505.36,Month-to-month,Fiber optic,Yes,2,Bank transfer,0
44,106.6,4465.41,Two year,Fiber optic,Yes,2,Bank transfer,0
31,97.21,3006.05,One year,Fiber optic,No,1,Bank transfer,0
44,96.63,4237.17,Month-to-month,No,No,1,Credit card,1
60,104.17,5759.73,Month-to-month,No,No,0,Mailed check,0
46,95.62,4315.43,Two year,Fiber optic,No,1,Electronic check,0
20,81.87,1505.96,One year,Fiber optic,Yes,0,Credit card,1
35,31.39,1012.25,Month-to-month,Fiber optic,No,2,Credit card,0
18,21.32,371.33,One year,DSL,No,2,Credit card,1
19,111.93,2000.13,Month-to-month,Fiber optic,No,2,Credit card,1
56,80.9,4499.39,Month-to-month,Fiber optic,No,0,Mailed check,0
17,99.25,1533.54,Month-to-month,Fiber optic,No,2,Bank transfer,1
46,67.12,2936.7,Month-to-month,DSL,Yes,2,Electronic check,0
48,29.97,1426.84,Month-to-month,DSL,No,3,Electronic check,1
13,30.77,396.17,Two year,No,Yes,3,Credit card,0
14,87.93,1127.19,Two year,DSL,Yes,3,Credit card,0
30,61.89,1739.1,One year,Fiber optic,Yes,2,Mailed check,0
0,38.45,36.99,Month-to-month,DSL,Yes,2,Credit card,1
53,68.14,3307.84,Month-to-month,DSL,No,0,Electronic check,0
2,24.55,48.94,One year,DSL,No,2,Electronic check,0
15,77.36,1150.51,Month-to-month,DSL,No,2,Bank transfer,1
56,45.44,2332.66,Month-to-month,No,No,2,Bank transfer,0
11,99.35,996.81,Month-to-month,DSL,No,0,Electronic check,1
15,49.66,676.77,Two year,No,Yes,0,Electronic check,0
71,64.43,4533.1,Month-to-month,Fiber optic,Yes,2,Mailed check,0
23,19.19,405.78,Month-to-month,Fiber optic,No,1,Mailed check,0
27,25.39,645.51,One year,Fiber optic,No,2,Electronic check,0
7,58.03,383.82,Month-to-month,Fiber optic,No,2,Credit card,1
35,66.95,2249.29,Month-to-month,Fiber optic,Yes,4,Bank transfer,0
7,79.2,502.94,Month-to-month,DSL,Yes,0,Electronic check,0
57,47.75,2511.29,Month-to-month,Fiber optic,No,1,Credit card,0
59,88.89,5208.58,One year,No,Yes,0,Electronic check,0
49,105.73,5133.32,Month-to-month,No,Yes,0,Bank transfer,0
27,97.54,2575.98,Month-to-month,No,No,0,Bank transfer,1
40,22.04,795.15,Two year,Fiber optic,Yes,1,Mailed check,0
63,67.01,3937.52,Two year,Fiber optic,No,2,Mailed check,0
26,28.7,718.44,Two year,Fiber optic,Yes,0,Mailed check,0
62,42.69,2454.94,Month-to-month,Fiber optic,Yes,1,Mailed check,0
16,118.64,1881.08,Month-to-month,DSL,Yes,3,Bank transfer,1
32,32.53,1002.85,Two year,Fiber optic,No,1,Credit card,0
28,68.89,1749.9,One year,DSL,Yes,3,Credit card,0
12,81.05,963.75,Month-to-month,DSL,No,3,Credit card,1
45,89.65,4017.21,Month-to-month,No,Yes,2,Electronic check,1
34,75.08,2317.29,Month-to-month,DSL,No,1,Mailed check,0
5,19.0,90.56,Two year,DSL,Yes,1,Mailed check,0
68,51.3,3245.39,Month-to-month,DSL,No,1,Bank transfer,0
46,70.81,3059.49,Month-to-month,No,No,1,Bank transfer,0
24,26.96,593.96,Month-to-month,Fiber optic,No,0,Electronic check,0
65,53.76,3346.96,One year,Fiber optic,Yes,2,Electronic check,0
9,21.39,191.7,Two year,No,Yes,1,Credit card,0
55,26.02,1359.98,Month-to-month,No,Yes,3,Bank transfer,0
29,58.49,1540.65,One year,DSL,No,2,Mailed check,0
4,31.54,121.37,Two year,Fiber optic,No,2,Credit card,1
32,75.89,2268.25,Month-to-month,Fiber optic,No,0,Mailed check,0
64,88.33,5571.67,Month-to-month,Fiber optic,Yes,2,Credit card,0
17,99.66,1598.44,Month-to-month,DSL,Yes,1,Mailed check,0
48,38.42,1695.31,One year,No,Yes,3,Electronic check,0
10,35.08,322.42,One year,Fiber optic,No,2,Credit card,1
25,28.67,700.18,One year,DSL,No,0,Mailed check,0
62,82.92,4763.48,One year,Fiber optic,No,4,Mailed check,0
58,90.06,5101.89,Month-to-month,DSL,Yes,2,Bank transfer,1
26,21.22,507.91,Two year,DSL,No,3,Credit card,0
48,113.49,5078.01,Month-to-month,Fiber optic,No,0,Mailed check,1
32,23.3,705.75,Month-to-month,DSL,Yes,1,Bank transfer,0
0,73.21,72.79,One year,Fiber optic,No,2,Mailed check,1
20,90.32,1794.07,One year,Fiber optic,No,2,Credit card,0
54,106.84,5311.78,Month-to-month,DSL,No,1,Electronic check,1
5,90.84,425.05,Two year,No,No,1,Credit card,0
68,99.78,6207.9,Two year,DSL,Yes,1,Credit card,0
4,52.62,200.17,Month-to-month,DSL,Yes,2,Mailed check,1
2,101.11,191.31,Two year,DSL,No,3,Mailed check,1
52,26.17,1347.34,Month-to-month,DSL,Yes,3,Credit card,0
22,109.27,2387.11,Month-to-month,DSL,No,1,Bank transfer,1
52,73.85,3603.48,Month-to-month,Fiber optic,No,1,Bank transfer,0
36,101.36,3463.5,Two year,No,No,1,Bank transfer,1
16,64.14,1015.59,One year,DSL,No,3,Mailed check,1
0,83.64,82.02,Month-to-month,Fiber optic,Yes,3,Mailed check,1
50,71.69,3227.36,Month-to-month,Fiber optic,Yes,2,Credit card,0
44,92.62,3798.19,One year,No,Yes,1,Electronic check,0
3,26.33,74.42,Month-to-month,Fiber optic,No,0,Mailed check,0
61,24.16,1360.24,Two year,DSL,Yes,1,Credit card,1
64,43.2,2543.5,Two year,DSL,Yes,1,Credit card,0
31,34.27,960.15,Month-to-month,Fiber optic,No,1,Electronic check,0
33,106.92,3402.53,Two year,No,No,2,Bank transfer,0
71,40.36,2654.23,Month-to-month,DSL,Yes,3,Credit card,0
38,117.54,4043.25,Two year,Fiber optic,Yes,3,Credit card,0
25,52.36,1208.34,One year,No,No,1,Credit card,0
33,36.58,1183.23,One year,No,Yes,2,Bank transfer,0
53,98.55,5145.58,Month-to-month,No,Yes,1,Bank transfer,0
2,85.19,161.57,Two year,Fiber optic,Yes,2,Electronic check,0
49,68.82,3175.27,Month-to-month,Fiber optic,No,0,Mailed check,0
11,74.65,819.33,Month-to-month,Fiber optic,Yes,1,Bank transfer,1
64,91.36,5379.61,Month-to-month,Fiber optic,No,0,Mailed check,0
53,41.3,2017.15,One year,DSL,No,1,Mailed check,0
4,119.63,444.63,Month-to-month,Fiber optic,No,1,Bank transfer,1
56,117.43,6032.08,One year,Fiber optic,Yes,1,Credit card,1
16,84.33,1265.54,Two year,DSL,No,0,Electronic check,0
46,38.35,1748.37,Month-to-month,Fiber optic,No,2,Mailed check,1
22,87.38,1848.42,One year,Fiber optic,No,1,Credit card,0
13,25.36,310.29,Month-to-month,No,No,3,Bank transfer,1
65,21.13,1364.44,Two year,DSL,No,0,Mailed check,0
50,44.28,2003.33,Two year,DSL,No,1,Mailed check,0
37,65.19,2221.55,Month-to-month,Fiber optic,No,4,Mailed check,1
63,106.56,6421.85,One year,DSL,No,1,Credit card,0
37,92.17,3279.18,Month-to-month,Fiber optic,Yes,0,Credit card,1
49,93.76,4152.99,Month-to-month,Fiber optic,Yes,1,Credit card,0
29,61.4,1674.31,Two year,DSL,Yes,1,Mailed check,0
50,53.29,2571.02,Month-to-month,Fiber optic,No,2,Mailed check,0
62,55.85,3358.15,Month-to-month,Fiber optic,No,2,Electronic check,1
51,118.74,5836.61,Month-to-month,Fiber optic,No,3,Electronic check,1
37,22.09,761.8,Two year,No,No,3,Credit card,0
29,106.44,2806.95,Month-to-month,No,No,2,Credit card,1
50,77.02,3630.38,Month-to-month,Fiber optic,No,1,Bank transfer,0
4,62.74,229.1,One year,Fiber optic,Yes,3,Credit card,1
28,91.98,2561.95,Two year,Fiber optic,No,1,Electronic check,0
3,67.64,192.27,Month-to-month,No,Yes,1,Electronic check,0
9,107.09,898.01,Month-to-month,Fiber optic,Yes,1,Electronic check,0
55,109.87,5901.63,Month-to-month,Fiber optic,Yes,1,Mailed check,0
16,61.02,927.3,Month-to-month,No,Yes,1,Mailed check,0
16,46.24,688.79,Month-to-month,DSL,No,0,Credit card,0
68,78.42,5232.29,One year,No,No,3,Bank transfer,0
33,111.06,3616.29,One year,DSL,Yes,3,Bank transfer,0
5,39.49,190.99,One year,DSL,No,3,Bank transfer,1
52,81.54,3835.99,Month-to-month,DSL,No,2,Mailed check,0
65,82.42,5124.97,Two year,No,Yes,1,Electronic check,0
42,92.78,3804.52,Month-to-month,No,No,1,Electronic check,1
22,31.42,631.55,Two year,Fiber optic,Yes,1,Mailed check,0
54,91.01,4535.47,One year,Fiber optic,No,2,Bank transfer,0
15,110.72,1641.28,Month-to-month,Fiber optic,No,0,Bank transfer,1
7,36.33,229.39,One year,No,Yes,0,Credit card,0
3,42.23,123.56,Month-to-month,Fiber optic,Yes,2,Credit card,1
3,117.08,332.76,One year,Fiber optic,No,0,Bank transfer,1
55,36.46,1894.36,Month-to-month,DSL,No,4,Mailed check,0
24,105.15,2273.03,Month-to-month,Fiber optic,Yes,0,Bank transfer,1
66,68.21,4420.56,Two year,Fiber optic,No,0,Credit card,0
66,43.22,2669.91,Month-to-month,Fiber optic,No,1,Bank transfer,0
26,106.82,2649.78,Two year,DSL,No,1,Mailed check,0
31,63.42,1902.58,Month-to-month,No,No,4,Electronic check,0
49,70.51,3352.25,One year,DSL,No,1,Mailed check,0
60,54.64,3263.97,One year,Fiber optic,No,1,Mailed check,0
50,78.48,3740.1,Month-to-month,No,No,2,Credit card,0
18,34.68,586.77,Month-to-month,Fiber optic,Yes,1,Mailed check,0
20,57.89,1152.44,Month-to-month,DSL,Yes,5,Mailed check,1
4,116.88,450.79,Month-to-month,Fiber optic,Yes,3,Credit card,1
41,44.33,1689.97,Month-to-month,No,No,4,Credit card,0
60,84.99,4653.95,One year,Fiber optic,No,2,Electronic check,0
21,51.17,1057.65,Two year,No,Yes,1,Bank transfer,0
20,96.89,1814.2,Two year,DSL,No,1,Mailed check,0
69,31.35,2089.7,One year,Fiber optic,No,2,Credit card,0
0,116.92,110.73,One year,Fiber optic,Yes,1,Electronic check,1
4,64.29,236.56,One year,No,No,2,Bank transfer,0
11,42.08,444.44,Month-to-month,DSL,Yes,2,Credit card,1
45,25.5,1039.71,Two year,No,Yes,1,Bank transfer,0
33,35.32,1097.18,One year,Fiber optic,No,1,Bank transfer,0
48,71.02,3254.4,One year,Fiber optic,No,1,Mailed check,0
44,52.37,2174.33,Month-to-month,DSL,Yes,3,Mailed check,0
26,102.55,2599.29,Month-to-month,No,No,1,Credit card,1
25,61.95,1522.1,Month-to-month,DSL,No,2,Bank transfer,1
46,43.37,1949.38,Two year,DSL,Yes,3,Credit card,0
55,80.95,4024.31,Month-to-month,DSL,Yes,1,Credit card,0
62,90.09,5135.45,Month-to-month,No,No,0,Bank transfer,0
47,35.04,1570.56,Two year,Fiber optic,Yes,3,Credit card,0
60,35.1,2092.27,Month-to-month,Fiber optic,No,2,Bank transfer,0
25,21.74,534.53,Month-to-month,DSL,No,1,Bank transfer,0
35,93.11,3207.53,Month-to-month,Fiber optic,No,2,Bank transfer,0
0,85.71,79.74,One year,Fiber optic,Yes,0,Bank transfer,0
7,66.41,438.35,Two year,No,No,0,Electronic check,0
51,104.11,5028.58,Month-to-month,No,No,0,Bank transfer,1
46,100.18,4219.97,Two year,DSL,Yes,2,Mailed check,0
55,77.71,3859.92,Month-to-month,Fiber optic,Yes,0,Mailed check,0
13,106.56,1377.92,Two year,DSL,Yes,2,Mailed check,0
27,39.0,973.05,One year,Fiber optic,No,1,Bank transfer,0
1,29.42,27.18,Two year,DSL,No,1,Mailed check,0
25,45.51,1033.46,Month-to-month,DSL,Yes,3,Electronic check,0
13,23.82,307.45,Two year,Fiber optic,No,1,Credit card,0
58,72.18,4010.5,One year,Fiber optic,Yes,1,Bank transfer,0
55,113.53,6036.24,Month-to-month,DSL,No,0,Mailed check,1
6,22.01,130.89,Two year,Fiber optic,Yes,4,Electronic check,0
2,30.46,56.93,Month-to-month,Fiber optic,No,0,Credit card,0
22,64.12,1357.25,Two year,DSL,No,4,Electronic check,0
17,113.26,1740.35,Month-to-month,Fiber optic,No,1,Mailed check,1
37,50.25,1708.05,One year,DSL,Yes,2,Electronic check,0
14,69.74,959.88,Month-to-month,Fiber optic,Yes,1,Credit card,1
63,22.24,1368.44,Month-to-month,Fiber optic,No,1,Mailed check,0
27,33.13,836.42,Month-to-month,DSL,Yes,1,Credit card,0
38,118.64,4227.37,Month-to-month,DSL,Yes,1,Electronic check,0
56,116.44,6216.49,Month-to-month,Fiber optic,Yes,1,Bank transfer,1
16,18.5,266.41,Month-to-month,No,No,1,Bank transfer,1
43,115.08,4572.97,One year,Fiber optic,No,0,Bank transfer,0
24,83.19,1838.48,Month-to-month,Fiber optic,No,3,Bank transfer,1
16,106.53,1576.73,Month-to-month,Fiber optic,Yes,1,Credit card,1
12,64.38,757.57,One year,DSL,Yes,0,Bank transfer,0
24,70.59,1572.13,Month-to-month,Fiber optic,No,3,Credit card,1
67,67.86,4179.04,Two year,Fiber optic,No,1,Mailed check,0
9,86.02,735.8,Two year,DSL,Yes,2,Bank transfer,0
66,32.24,2099.25,One year,DSL,No,1,Credit card,0
17,21.06,330.86,One year,DSL,Yes,2,Bank transfer,0
33,49.41,1480.28,Two year,Fiber optic,No,1,Bank transfer,1
7,89.88,588.67,Month-to-month,No,Yes,2,Bank transfer,0
39,38.59,1467.03,Month-to-month,DSL,No,4,Credit card,0
41,86.69,3394.59,Month-to-month,Fiber optic,No,0,Electronic check,0
40,116.93,4591.51,One year,DSL,No,1,Bank transfer,0
5,27.58,137.34,Month-to-month,No,Yes,0,Bank transfer,0
51,86.61,4325.53,One year,DSL,No,0,Mailed check,0
25,63.26,1518.84,Two year,Fiber optic,No,2,Electronic check,0
63,106.55,6372.55,Two year,Fiber optic,Yes,0,Credit card,0
58,36.07,1891.24,Month-to-month,Fiber optic,No,1,Mailed check,1
55,88.65,4868.11,Month-to-month,Fiber optic,No,0,Bank transfer,0
58,103.49,5632.36,Two year,DSL,No,0,Mailed check,0
69,114.35,7221.25,One year,Fiber optic,No,3,Mailed check,0
32,87.69,2712.56,Month-to-month,DSL,Yes,3,Bank transfer,0
52,68.71,3317.2,Month-to-month,DSL,No,1,Electronic check,0
21,81.02,1630.94,Two year,Fiber optic,Yes,3,Electronic check,0
20,106.63,2044.47,One year,DSL,No,1,Mailed check,1
69,76.2,4966.38,Two year,DSL,No,5,Bank transfer,0
69,21.1,1432.04,Two year,Fiber optic,No,1,Credit card,0
3,112.96,313.97,One year,No,Yes,3,Mailed check,1
61,88.33,5091.05,Month-to-month,Fiber optic,Yes,1,Credit card,0
61,87.0,5061.65,Month-to-month,DSL,No,2,Mailed check,0
23,40.0,889.05,Month-to-month,DSL,No,1,Mailed check,1
54,85.21,4501.94,Month-to-month,No,No,2,Bank transfer,0
8,58.17,437.2,One year,DSL,No,0,Bank transfer,0
2,84.43,162.88,One year,DSL,No,2,Credit card,1
30,28.87,792.53,Two year,Fiber optic,Yes,1,Credit card,0
39,85.1,3296.55,Month-to-month,Fiber optic,Yes,1,Electronic check,1
35,119.94,3938.91,One year,Fiber optic,Yes,2,Bank transfer,1
23,22.92,512.9,One year,DSL,Yes,1,Mailed check,0
5,117.67,530.71,One year,DSL,No,2,Mailed check,1
65,59.5,3560.11,One year,No,No,0,Electronic check,0
3,106.82,304.02,Month-to-month,DSL,No,0,Bank transfer,1
5,97.8,483.05,Month-to-month,Fiber optic,Yes,2,Mailed check,1
50,75.84,3612.74,Month-to-month,Fiber optic,Yes,1,Electronic check,0
61,93.32,5652.6,Month-to-month,Fiber optic,Yes,1,Electronic check,1
56,107.61,5715.09,Month-to-month,DSL,Yes,4,Mailed check,0
65,59.22,3653.16,One year,DSL,No,2,Mailed check,0
7,51.36,327.87,Two year,Fiber optic,Yes,1,Credit card,0
25,86.09,2109.78,One year,No,No,1,Bank transfer,0
50,100.4,4641.98,One year,No,Yes,1,Credit card,0
44,95.75,4170.71,Month-to-month,DSL,No,2,Electronic check,0
43,99.38,4235.23,One year,DSL,No,1,Mailed check,0
4,62.43,248.3,Month-to-month,No,Yes,3,Credit card,1
69,101.42,6662.24,Month-to-month,Fiber optic,No,0,Electronic check,0
25,30.26,732.07,Month-to-month,No,No,0,Bank transfer,0
67,73.54,4818.05,Month-to-month,DSL,No,4,Mailed check,0
18,18.59,305.54,Month-to-month,Fiber optic,Yes,2,Credit card,0
19,51.11,932.34,Month-to-month,Fiber optic,No,2,Bank transfer,0
11,55.38,550.35,Month-to-month,Fiber optic,No,1,Credit card,1
46,58.41,2551.86,Two year,Fiber optic,No,3,Electronic check,0
0,88.94,81.42,Month-to-month,DSL,No,3,Bank transfer,1
13,57.63,687.98,Month-to-month,Fiber optic,No,2,Credit card,1
63,63.77,3762.42,Month-to-month,DSL,No,0,Bank transfer,0
37,42.23,1473.83,One year,Fiber optic,No,0,Electronic check,0
36,56.07,1942.46,Month-to-month,No,No,0,Bank transfer,1
10,41.18,373.68,Month-to-month,Fiber optic,No,1,Credit card,1
2,25.47,48.41,Month-to-month,No,No,0,Electronic check,0
32,79.55,2337.53,Month-to-month,DSL,No,2,Mailed check,0
5,86.16,412.45,Month-to-month,Fiber optic,No,0,Credit card,1
49,81.19,3834.06,Month-to-month,No,Yes,4,Credit card,0
9,65.28,561.48,Month-to-month,DSL,No,0,Electronic check,0
4,56.74,221.02,Month-to-month,DSL,No,0,Electronic check,1
22,106.06,2178.3,Month-to-month,Fiber optic,No,0,Mailed check,1
9,70.95,623.55,Two year,DSL,No,2,Credit card,0
43,66.88,2712.71,One year,Fiber optic,Yes,0,Electronic check,0
1,20.62,19.56,Month-to-month,No,No,2,Mailed check,1
12,52.81,611.42,Month-to-month,Fiber optic,Yes,1,Mailed check,0
39,56.78,1997.04,Two year,DSL,No,2,Electronic check,0
1,58.68,56.65,Month-to-month,Fiber optic,No,1,Credit card,1
64,77.18,4751.12,Month-to-month,Fiber optic,No,2,Bank transfer,0
62,72.43,4180.74,One year,DSL,Yes,3,Bank transfer,0
16,80.01,1163.13,Month-to-month,Fiber optic,No,0,Mailed check,1
8,96.02,698.33,Month-to-month,Fiber optic,Yes,3,Bank transfer,1
14,100.92,1402.03,Month-to-month,Fiber optic,Yes,3,Bank transfer,1
23,91.25,2033.54,Two year,DSL,Yes,2,Electronic check,1
37,115.46,3899.12,Month-to-month,Fiber optic,Yes,1,Mailed check,1
